experience_level,cost_of_living,infrastructure_level,happiness_level,mean_salary
Intermediate,53654,5,7,82200.0
Senior,45795,8,8,105000.0
Intermediate,30860,7,6,70000.0
Intermediate,35390,8,8,60000.0
Intermediate,59802,9,8,112500.0
Intermediate,51575,5,4,120000.0
Intermediate,41964,5,6,97500.0
Intermediate,41284,9,6,92500.0
Intermediate,52118,9,8,55000.0
Intermediate,36265,7,7,52500.0
Senior,46850,5,4,190000.0
Senior,59910,8,8,230000.0
Intermediate,34426,6,5,70833.0
Intermediate,51962,6,5,115510.0
Senior,44423,9,4,197000.0
Intermediate,58020,7,7,64450.0
Intermediate,41363,6,8,130000.0
Senior,57495,5,6,145000.0
Intermediate,46023,9,4,100445.0
Senior,38322,8,7,156880.435
Senior,31685,9,6,183500.0
Senior,30769,8,5,105000.0
Intermediate,56967,9,5,82500.0
Intermediate,53333,9,6,60555.0
Senior,32433,9,4,199500.0
Senior,35311,8,5,207900.0
Senior,35051,8,8,172500.0
Intermediate,36420,9,6,140000.0
Intermediate,47568,6,6,77000.0
Intermediate,50939,7,5,135000.0
Senior,49769,7,4,85000.0
Senior,58693,7,8,184350.0
Senior,36396,8,4,177000.0
Senior,59419,8,7,191000.0
Intermediate,57480,6,7,120000.0
Senior,38666,7,5,83000.0
Senior,55658,7,5,83000.0
Senior,48942,9,5,83000.0
Intermediate,54233,8,7,162000.0
Senior,48431,7,4,83000.0
Intermediate,32747,6,4,92500.0
Senior,55551,6,5,208000.0
Senior,56382,7,8,153797.5
Senior,30189,8,4,243000.0
Senior,49118,6,7,153797.5
Intermediate,33005,9,6,98000.0
Intermediate,51042,6,6,98000.0
Intermediate,31899,5,6,113670.0
Senior,54118,5,8,107500.0
Senior,31267,8,5,198000.0
Senior,47912,7,7,191800.0
Intermediate,41394,8,8,179100.0
Intermediate,33556,8,7,169300.0
Intermediate,33890,8,7,169300.0
Senior,38838,8,5,180950.0
Senior,57464,9,6,198000.0
Senior,44502,9,5,153550.0
Senior,51777,6,8,153550.0
Senior,40627,5,8,175200.0
Intermediate,38792,8,8,169300.0
Intermediate,40555,6,5,154700.0
Senior,40253,5,7,211950.0
Intermediate,38433,7,7,152300.0
Intermediate,40233,9,4,198000.0
Senior,41016,5,8,200950.0
Intermediate,53897,7,7,162200.0
Senior,32612,5,4,153550.0
Senior,53425,9,7,175200.0
Intermediate,55939,9,8,95000.0
Senior,52619,6,6,235000.0
Senior,51870,8,8,147500.0
Senior,53483,5,5,147500.0
Junior,56054,5,7,99500.0
Junior,45787,7,7,80000.0
Junior,57132,9,5,102500.0
Intermediate,47159,5,5,62500.0
Intermediate,42206,9,6,61200.0
Senior,38226,5,7,196250.0
Intermediate,44541,6,7,126955.0
Senior,33152,8,6,195000.0
Senior,56531,5,4,95000.0
Intermediate,31585,9,6,178000.0
Senior,33943,6,8,236500.0
Intermediate,53939,5,7,105000.0
Senior,49457,7,5,107500.0
Senior,31021,8,8,122000.0
Intermediate,41653,5,7,165550.0
Intermediate,40805,6,6,90000.0
Senior,43417,7,8,95200.0
Senior,50227,6,7,119100.0
Senior,37989,6,4,200000.0
Senior,39692,7,4,250000.0
Intermediate,42990,6,5,66640.0
Senior,36873,7,7,167082.5
Senior,35675,5,4,144345.0
Intermediate,30161,7,6,80779.5
Intermediate,34297,7,7,252500.0
Intermediate,56557,8,6,200000.0
Intermediate,30995,7,6,111000.0
Intermediate,59487,7,4,97250.0
Senior,41534,5,7,139800.0
Intermediate,59127,8,8,117500.0
Senior,37629,9,4,116250.0
Senior,58374,5,4,200000.0
Senior,55851,5,7,139800.0
Senior,31016,9,7,120000.0
Intermediate,54253,7,6,88000.0
Senior,52823,6,7,170000.0
Intermediate,54276,8,6,100000.0
Senior,53247,6,4,160000.0
Intermediate,54300,9,5,160000.0
Senior,38529,5,8,112500.0
Senior,47262,5,4,250000.0
Senior,39268,8,7,137500.0
Senior,51271,5,8,270850.0
Senior,42185,5,5,270850.0
Intermediate,51243,8,5,207550.0
Intermediate,36331,8,6,90000.0
Senior,38571,9,8,200000.0
Intermediate,55068,5,6,150600.0
Senior,37208,5,4,150000.0
Intermediate,35276,9,8,75000.0
Senior,48446,7,4,247000.0
Intermediate,58460,7,6,77500.0
Senior,46448,7,8,125000.0
Senior,46216,9,6,115000.0
Intermediate,38006,5,8,165450.0
Senior,32568,9,6,247750.0
Intermediate,51847,9,5,167500.0
Intermediate,59824,7,6,112000.0
Senior,32027,6,5,182500.0
Senior,32695,5,6,110000.0
Intermediate,56071,7,8,200000.0
Intermediate,45422,6,8,410000.0
Intermediate,35258,6,8,100000.0
Senior,52002,8,7,122500.0
Senior,36736,5,4,93050.0
Senior,30391,6,8,167500.0
Intermediate,43986,7,5,48000.0
Intermediate,59090,8,8,70000.0
Senior,42666,5,7,205000.0
Senior,35892,9,5,92000.0
Senior,33561,7,7,137500.0
Senior,56854,6,5,270850.0
Senior,36184,6,6,151500.0
Senior,49483,7,4,202500.0
Intermediate,52662,6,4,100000.0
Senior,38392,8,7,148500.0
Intermediate,43067,5,4,141450.5
Senior,45265,8,7,174100.0
Intermediate,49488,6,7,99900.0
Intermediate,53599,9,7,134925.0
Intermediate,59174,5,4,134925.0
Senior,32454,5,7,170000.0
Intermediate,41837,7,4,184000.0
Intermediate,44039,7,7,90000.0
Intermediate,55380,9,8,184000.0
Senior,49115,5,7,129000.0
Senior,40965,9,5,100000.0
Senior,54538,7,7,150000.0
Senior,39762,7,6,101960.0
Senior,35056,5,7,193750.0
Senior,44948,8,5,140000.0
Senior,38110,6,5,153150.0
Intermediate,43773,7,4,130995.0
Senior,57266,7,8,119100.0
Senior,50224,8,7,125990.0
Senior,47412,8,4,213180.0
Senior,53769,9,8,125990.0
Senior,30502,9,7,222545.0
Senior,36910,6,6,107500.0
Senior,42685,6,7,231600.0
Intermediate,55446,5,5,255000.0
Senior,53322,9,5,143350.0
Senior,50872,7,6,205960.0
Intermediate,30206,9,4,85819.5
Intermediate,51518,7,8,82500.0
Intermediate,52361,8,7,137000.0
Intermediate,54105,9,5,137000.0
Senior,53419,8,4,180500.0
Intermediate,47868,6,6,100000.0
Intermediate,54242,6,5,400000.0
Intermediate,45934,5,6,55000.0
Senior,47247,9,7,133750.0
Senior,49174,8,8,174750.0
Intermediate,53792,7,5,115700.0
Senior,38755,6,5,200250.0
Senior,51500,6,7,110000.0
Intermediate,42383,7,4,105000.0
Intermediate,52403,8,8,107500.0
Senior,48141,8,5,160000.0
Senior,44820,9,8,117400.0
Intermediate,37574,9,5,142050.0
Intermediate,36374,5,8,174000.0
Intermediate,53276,6,6,202575.0
Senior,31678,9,5,171750.0
Intermediate,49626,8,8,122275.0
Intermediate,51020,7,4,282500.0
Senior,31059,8,6,89200.0
Intermediate,53052,6,6,91000.0
Intermediate,59855,8,4,116100.0
Intermediate,46198,5,8,85500.0
Intermediate,39914,6,7,87500.0
Intermediate,57890,7,4,170900.0
Intermediate,49541,5,8,138550.0
Intermediate,52299,6,4,221844.0
Senior,40817,7,4,210000.0
Senior,40921,5,5,214000.0
Senior,39789,5,8,214000.0
Intermediate,46312,6,7,60000.0
Intermediate,41252,9,5,253000.0
Senior,32693,5,4,210000.0
Senior,59467,5,4,204765.5
Senior,59723,7,4,210000.0
Intermediate,43931,8,8,140000.0
Junior,33627,6,8,65000.0
Senior,55939,6,5,245000.0
Senior,46157,9,7,135000.0
Senior,40173,9,5,155000.0
Senior,51834,6,6,145000.0
Intermediate,48047,9,4,70050.0
Intermediate,56105,7,4,201500.0
Senior,40230,6,4,212000.0
Senior,45707,9,5,115000.0
Senior,51976,6,5,286000.0
Senior,41494,8,4,197250.0
Intermediate,56813,5,5,275000.0
Senior,53776,6,8,482500.0
Intermediate,31306,5,8,57400.0
Intermediate,58605,9,5,155000.0
Senior,36776,5,4,138800.0
Senior,57251,6,5,163500.0
Intermediate,59644,8,5,77500.0
Senior,52248,9,5,149300.0
Senior,39474,6,6,192250.0
Intermediate,37526,9,8,233520.0
Intermediate,55285,7,7,177750.0
Intermediate,51959,5,7,221000.0
Intermediate,35530,7,6,79602.0
Senior,59320,6,5,214000.0
Senior,50797,8,6,202500.0
Intermediate,33748,9,6,221000.0
Intermediate,43545,5,4,221000.0
Intermediate,59355,9,8,221000.0
Intermediate,30663,6,7,242500.0
Junior,31998,9,5,265000.0
Junior,37994,5,7,265000.0
Senior,58021,6,7,202500.0
Junior,58319,9,8,265000.0
Intermediate,47879,8,7,164500.0
Intermediate,33304,6,7,242500.0
Senior,50147,6,6,125000.0
Junior,51616,8,8,265000.0
Intermediate,48237,7,4,137500.0
Intermediate,43808,5,5,240000.0
Intermediate,36585,7,7,400000.0
Senior,59235,9,5,128500.0
Senior,47675,8,4,130000.0
Senior,49965,7,5,135000.0
Intermediate,41649,6,4,125000.0
Intermediate,53938,9,6,155000.0
Senior,53664,9,7,135000.0
Intermediate,31636,7,4,130000.0
Intermediate,50080,7,5,82500.0
Senior,57575,8,7,100000.0
Intermediate,57728,5,6,85000.0
Intermediate,47082,7,7,100000.0
Intermediate,56736,7,4,90000.0
Senior,58673,6,6,148000.0
Senior,34737,9,5,146500.0
Intermediate,44555,5,6,126000.0
Senior,43877,6,6,123500.0
Senior,30854,8,8,92500.0
Senior,54548,8,6,105000.0
Intermediate,35855,7,6,147500.0
Intermediate,37392,7,7,113456.0
Senior,52912,8,5,200000.0
Senior,58050,7,7,190000.0
Senior,43949,5,7,190000.0
Intermediate,51633,7,4,80000.0
Senior,51556,9,7,120000.0
Senior,48091,7,8,146500.0
Senior,57353,6,8,105000.0
Intermediate,35791,5,4,120000.0
Senior,56309,6,5,85000.0
Senior,51919,6,5,119000.0
Senior,34931,9,7,128500.0
Senior,49894,5,7,221000.0
Senior,30202,5,7,119000.0
Senior,41447,5,5,88000.0
Senior,50602,5,6,135000.0
Intermediate,42688,5,8,110000.0
Intermediate,55342,9,6,97500.0
Intermediate,34389,7,6,140000.0
Intermediate,32327,6,5,124250.0
Senior,38004,5,6,164000.0
Senior,49315,7,4,145500.0
Intermediate,37777,7,7,78950.0
Senior,30197,6,4,120000.0
Intermediate,53509,9,8,120960.0
Senior,31930,8,7,82500.0
Senior,41774,8,6,262500.0
Intermediate,45087,7,8,169000.0
Senior,52671,6,7,169000.0
Intermediate,55184,8,6,126350.0
Senior,57848,7,4,139750.0
Intermediate,39339,9,7,126350.0
Intermediate,50666,8,6,125000.0
Intermediate,41589,7,4,142000.0
Senior,48895,7,8,101700.0
Senior,45708,5,8,142500.0
Intermediate,56370,9,8,178910.0
Senior,47043,5,8,135000.0
Senior,32811,6,5,163613.0
Senior,53482,5,7,157200.0
Intermediate,44243,5,7,242000.0
Intermediate,36546,8,5,125990.0
Senior,55945,7,6,231395.0
Senior,31986,9,6,231395.0
Intermediate,38338,5,8,120000.0
Senior,41411,9,4,204500.0
Senior,32911,5,6,231395.0
Senior,31734,6,4,175475.0
Senior,48227,5,7,105000.0
Senior,38680,8,4,115000.0
Intermediate,49360,7,7,100000.0
Senior,48343,6,5,211950.0
Intermediate,35759,5,5,110000.0
Intermediate,53078,9,8,108900.0
Intermediate,32385,6,6,85000.0
Intermediate,41111,6,8,97500.0
Intermediate,34736,5,7,97500.0
Intermediate,31802,6,8,137500.0
Senior,38155,9,4,265000.0
Senior,38120,6,7,102100.0
Intermediate,36616,9,5,110000.0
Intermediate,44257,5,6,145000.0
Intermediate,44486,7,7,80500.0
Intermediate,51918,6,7,75840.0
Senior,50445,7,4,290000.0
Senior,57945,9,6,145000.0
Senior,46646,6,5,300000.0
Senior,44075,8,7,300000.0
Intermediate,52671,7,7,93950.0
Senior,55199,6,4,122250.0
Senior,39208,7,8,103000.0
Intermediate,46371,6,5,162500.0
Senior,41835,5,6,116000.0
Intermediate,43168,7,7,215000.0
Junior,32049,8,7,75000.0
Senior,35423,8,5,195000.0
Intermediate,44589,9,8,165550.0
Senior,58299,6,7,158300.0
Senior,50932,7,5,222545.0
Senior,49492,9,4,222545.0
Senior,59855,7,8,222545.0
Intermediate,58666,6,6,82500.0
Intermediate,37158,8,7,195500.0
Senior,40248,5,5,65000.0
Intermediate,37400,8,4,185500.0
Intermediate,49554,9,6,48000.0
Intermediate,39874,5,5,125900.0
Intermediate,45151,9,5,185786.0
Senior,48639,6,6,167500.0
Intermediate,31154,5,4,170000.0
Intermediate,34499,9,4,95000.0
Intermediate,36295,6,8,225000.0
Intermediate,52581,8,7,125000.0
Senior,57767,6,6,85000.0
Senior,56272,7,6,195000.0
Intermediate,42183,6,6,192500.0
Intermediate,59299,6,4,100000.0
Intermediate,42874,7,7,115000.0
Intermediate,48032,9,8,78300.0
Intermediate,35539,9,5,175000.0
Senior,39637,6,5,248500.0
Intermediate,50583,7,6,146000.0
Senior,58499,7,7,97875.0
Senior,54829,8,4,161000.0
Senior,45586,9,7,67538.58
Intermediate,57759,5,7,155055.0
Senior,32557,9,4,70517.59
Junior,35592,9,6,105500.0
Intermediate,46482,8,7,165000.0
Senior,32200,5,5,152066.0
Senior,44172,8,4,114592.5
Junior,32961,5,8,105500.0
Senior,44207,6,6,193000.0
Intermediate,51357,5,4,129750.0
Intermediate,50817,8,8,114062.5
Intermediate,41969,9,8,141750.0
Senior,32869,5,7,132500.0
Intermediate,57810,5,7,86687.5
Intermediate,58367,7,7,151350.0
Intermediate,47340,9,4,120000.0
Senior,43992,6,4,129700.0
Intermediate,58643,8,6,151350.0
Senior,54736,6,7,174450.0
Senior,35699,9,8,133850.0
Intermediate,53328,5,5,240201.5
Intermediate,50877,5,6,63525.0
Intermediate,55876,9,4,252844.0
Senior,51295,5,6,188432.5
Intermediate,33987,5,6,250000.0
Junior,56103,5,6,197500.0
Intermediate,52399,8,6,237500.0
Intermediate,43446,8,5,237500.0
Intermediate,31218,7,7,250000.0
Intermediate,50880,6,8,85000.0
Senior,34735,9,6,279625.0
Senior,41296,9,6,259625.0
Senior,57311,9,6,196000.0
Senior,34555,7,7,189000.0
Senior,39146,8,4,104917.0
Senior,38050,7,4,196000.0
Intermediate,42757,9,5,105000.0
Intermediate,49830,6,4,185500.0
Senior,47429,5,6,265000.0
Intermediate,36893,8,6,185500.0
Intermediate,48077,8,6,112500.0
Intermediate,44373,7,5,165000.0
Senior,44565,8,6,137500.0
Intermediate,33436,9,4,70000.0
Intermediate,38754,9,7,69259.5
Intermediate,40677,7,7,69780.0
Senior,35895,9,8,135000.0
Senior,49738,6,4,150000.0
Senior,46609,7,6,172500.0
Junior,45636,6,7,39500.0
Senior,51277,5,4,204887.5
Senior,37022,6,7,88249.0
Senior,39151,5,6,125000.0
Intermediate,35600,5,7,135000.0
Junior,59124,6,8,39500.0
Senior,57643,7,8,139750.0
Junior,37996,9,7,100000.0
Senior,39007,9,4,155000.0
Intermediate,42946,5,4,100000.0
Senior,54067,5,4,195500.0
Senior,34642,7,7,117500.0
Senior,59887,8,4,250000.0
Senior,41312,6,6,170000.0
Junior,37679,5,8,111500.0
Senior,38208,9,6,199300.0
Intermediate,53723,7,4,101000.0
Senior,55819,6,6,215050.0
Senior,48589,7,4,158256.0
Senior,40716,6,7,158256.0
Senior,47453,6,6,80000.0
Intermediate,33444,5,7,62250.0
Intermediate,40757,7,7,95000.0
Intermediate,44434,7,5,56979.5
Senior,31060,9,4,180000.0
Intermediate,48711,9,8,92525.0
Senior,33420,5,4,170000.0
Senior,30301,5,8,162500.0
Intermediate,42468,8,4,52500.0
Senior,46990,9,7,125000.0
Intermediate,49554,6,6,129000.0
Senior,30699,7,6,130666.665
Senior,51472,5,5,76250.0
Senior,55715,7,8,85000.0
Senior,30190,7,8,177500.0
Intermediate,40492,8,8,100000.0
Intermediate,47364,9,7,127500.0
Senior,32975,5,8,138236.88
Intermediate,36102,7,6,72500.0
Senior,47568,5,7,165000.0
Intermediate,49711,6,4,215000.0
Intermediate,49778,8,8,72500.0
Intermediate,54703,6,8,83750.0
Intermediate,56641,5,4,94500.0
Intermediate,31816,5,8,83750.0
Intermediate,52238,9,4,83750.0
Senior,53093,7,7,147000.0
Senior,30569,7,6,253695.0
Senior,35442,6,4,147500.0
Junior,31895,8,5,84250.0
Senior,49117,7,4,97875.0
Senior,33863,9,8,162960.0
Intermediate,42913,6,7,94250.0
Intermediate,37455,6,7,85000.0
Senior,34014,9,4,183260.0
Intermediate,41093,8,6,72900.0
Intermediate,48070,9,5,85000.0
Senior,33009,8,7,101850.0
Senior,54190,9,8,146000.0
Intermediate,46538,9,8,85000.0
Intermediate,40729,5,6,162500.0
Senior,31409,6,7,215000.0
Intermediate,42249,9,4,93750.0
Junior,30784,9,8,77500.0
Intermediate,57751,7,6,93750.0
Senior,38096,6,7,113750.0
Senior,37560,7,7,395220.0
Senior,42533,6,7,160000.0
Senior,37343,7,7,251160.0
Senior,37206,9,7,258810.0
Intermediate,51980,9,8,163250.0
Intermediate,35801,5,6,119900.0
Senior,49190,7,7,136200.0
Senior,46921,8,5,176500.0
Intermediate,35986,5,5,133596.0
Intermediate,48225,7,6,137000.0
Senior,59592,7,4,158850.0
Senior,40647,5,4,174700.0
Intermediate,38716,9,4,181704.0
Intermediate,53355,7,5,137603.5
Senior,52009,9,4,165600.0
Senior,49334,5,8,112500.0
Senior,54376,9,7,220000.0
Intermediate,42323,6,5,101434.0
Intermediate,34780,8,6,101434.0
Intermediate,58691,7,6,92303.5
Senior,32368,8,7,98050.0
Junior,42039,9,5,58800.0
Senior,36655,7,4,112500.0
Senior,38173,9,4,181950.0
Intermediate,34495,6,8,102500.0
Intermediate,40893,5,8,207500.0
Senior,55547,7,4,192500.0
Intermediate,52386,6,6,80500.0
Senior,52998,6,6,147583.0
Senior,55742,7,8,147583.0
Senior,43403,9,7,150000.0
Intermediate,43121,6,4,71250.0
Senior,52303,8,8,210000.0
Senior,40966,6,8,161250.0
Intermediate,56558,9,4,87703.0
Senior,30853,9,4,117725.5
Senior,50530,8,6,117725.5
Intermediate,58312,6,7,105876.0
Senior,50153,9,7,95500.0
Senior,46958,7,4,117725.5
Intermediate,57837,5,5,97184.0
Intermediate,47532,5,8,120000.0
Intermediate,52677,5,8,92500.0
Intermediate,52841,6,4,82415.0
Senior,53893,8,5,120000.0
Senior,39907,9,6,125000.0
Senior,34777,7,4,95000.0
Intermediate,59509,7,4,70000.0
Intermediate,50238,6,8,102500.0
Intermediate,59749,5,4,70000.0
Senior,45338,6,4,180000.0
Senior,32491,8,4,110000.0
Intermediate,57236,8,8,135000.0
Intermediate,45328,9,6,183250.0
Senior,44599,9,6,115350.0
Intermediate,49508,8,4,87500.0
Intermediate,52075,8,8,75000.0
Senior,33051,8,6,80000.0
Senior,45979,6,6,208500.0
Senior,46388,8,6,143400.0
Senior,51606,7,8,295000.0
Intermediate,51699,5,8,108000.0
Intermediate,51253,8,4,142500.0
Intermediate,30876,5,7,57000.0
Senior,55567,6,6,193420.0
Senior,53411,5,7,193420.0
Intermediate,34142,6,8,127259.4
Senior,45202,7,8,190300.0
Senior,36966,6,8,170000.0
Intermediate,37079,6,7,82581.0
Senior,37987,9,8,166000.0
Senior,36799,8,4,112500.0
Intermediate,58940,8,8,75000.0
Intermediate,34465,7,5,75000.0
Senior,47019,7,7,119050.0
Senior,43417,8,5,185000.0
Intermediate,48077,9,8,189500.0
Junior,56258,8,4,104750.0
Intermediate,51136,9,6,300000.0
Intermediate,38311,7,8,130000.0
Senior,47214,5,4,192200.0
Senior,44098,7,7,137000.0
Intermediate,58251,7,5,95000.0
Senior,35177,6,5,147500.0
Senior,44262,6,5,75000.0
Senior,55945,6,7,87500.0
Intermediate,55316,6,4,180000.0
Senior,38308,9,7,115000.0
Intermediate,35949,8,5,140000.0
Intermediate,49222,5,8,77500.0
Junior,31150,7,6,65000.0
Senior,53944,9,7,120000.0
Intermediate,31931,5,7,97500.0
Intermediate,39204,9,4,90000.0
Intermediate,48048,9,4,130000.0
Senior,31081,7,7,110000.0
Senior,59305,8,5,80000.0
Senior,46896,6,6,80000.0
Intermediate,57425,8,4,160000.0
Senior,43407,7,5,250000.0
Intermediate,37805,7,8,90000.0
Intermediate,35237,7,4,145675.0
Senior,46943,5,5,125000.0
Intermediate,50056,8,5,170450.0
Intermediate,42775,8,6,87500.0
Senior,53788,9,6,155000.0
Senior,46244,9,8,155000.0
Intermediate,43184,9,5,111000.0
Intermediate,33343,7,5,105000.0
Intermediate,43500,8,6,105000.0
Intermediate,50454,7,4,129000.0
Intermediate,59375,5,4,120000.0
Junior,39662,9,7,102000.0
Senior,46964,7,6,95500.0
Senior,45125,7,7,229600.0
Junior,53388,5,6,57500.0
Senior,56870,6,8,199300.0
Intermediate,38130,8,5,69000.0
Senior,49531,6,8,127550.0
Junior,50633,9,6,111500.0
Intermediate,31679,7,5,89000.0
Senior,33506,5,4,117500.0
Senior,43284,5,4,125000.0
Intermediate,37253,8,7,95000.0
Senior,49128,6,6,140000.0
Senior,57932,8,6,216572.5
Senior,58621,7,4,135000.0
Senior,39435,8,8,120000.0
Intermediate,51572,5,5,84300.0
Intermediate,41310,5,8,165000.0
Senior,43296,9,8,115000.0
Senior,48525,9,4,81600.0
Intermediate,43245,7,4,100000.0
Intermediate,57635,6,4,100000.0
Intermediate,59124,8,7,110000.0
Intermediate,59899,7,8,80000.0
Intermediate,41151,9,6,100000.0
Intermediate,40457,8,5,72250.0
Intermediate,53001,9,7,110000.0
Senior,32479,8,6,192200.0
Intermediate,52868,6,8,142500.0
Intermediate,59222,7,4,142500.0
Senior,56211,8,8,300000.0
Intermediate,59984,5,5,110000.0
Intermediate,53805,5,7,127500.0
Intermediate,56333,8,7,101000.0
Senior,34452,8,5,262400.0
Intermediate,56646,8,6,105000.0
Intermediate,35881,5,6,114300.0
Intermediate,53049,5,7,85000.0
Senior,44069,8,7,127800.0
Intermediate,32849,9,4,85000.0
Senior,57827,9,6,162000.0
Intermediate,37390,6,5,163750.0
Intermediate,53289,7,6,185000.0
Senior,41922,9,4,145000.0
Intermediate,32489,5,7,117500.0
Senior,39823,9,7,214500.0
Senior,57392,6,4,110000.0
Intermediate,39207,6,5,140000.0
Intermediate,39540,7,7,90650.0
Intermediate,46364,9,8,117500.0
Intermediate,34611,5,7,86500.0
Intermediate,57663,5,8,101000.0
Junior,49223,8,4,59500.0
Intermediate,54911,5,4,85000.0
Senior,35878,7,7,127750.0
Senior,59168,7,6,183790.5
Senior,46347,5,8,212600.0
Senior,55471,5,5,172000.0
Senior,52687,8,7,190000.0
Senior,58122,5,5,97500.0
Intermediate,30851,8,7,100309.67
Senior,48071,8,6,110000.0
Senior,56507,5,6,163550.0
Senior,36833,6,6,158000.0
Senior,41938,6,6,206800.0
Senior,32427,8,4,187500.0
Intermediate,56144,5,4,82870.0
Intermediate,34000,6,8,149000.0
Senior,35052,5,5,121750.0
Intermediate,32738,5,7,130633.5
Intermediate,58074,5,7,130633.5
Senior,52116,9,4,115000.0
Senior,35387,5,7,175300.0
Senior,38002,9,4,175300.0
Senior,35536,8,8,127500.0
Senior,43479,6,5,122300.0
Senior,33913,6,8,102500.0
Senior,47450,6,6,55000.0
Intermediate,54107,6,6,137000.0
Senior,50764,6,6,160000.0
Senior,40636,6,8,62500.0
Intermediate,50491,6,7,192000.0
Intermediate,35726,8,5,93800.0
Senior,33373,5,6,158850.0
Intermediate,42161,7,6,45269.5
Intermediate,57122,9,6,118350.0
Intermediate,55329,7,5,87500.0
Senior,32082,7,6,195000.0
Senior,57350,5,5,172500.0
Senior,57472,5,6,145000.0
Senior,58761,5,8,212000.0
Senior,55351,6,8,215500.0
Intermediate,53132,8,5,190450.0
Intermediate,46281,6,8,305000.0
Intermediate,45305,8,5,155000.0
Intermediate,39817,8,8,107050.0
Senior,41261,7,8,151900.0
Senior,30417,7,5,99850.0
Senior,54690,8,7,142900.0
Intermediate,38808,8,8,103250.0
Senior,50358,6,6,125000.0
Senior,33267,6,7,200000.0
Senior,47209,7,5,102500.0
Intermediate,54052,5,7,150000.0
Senior,35745,8,4,190000.0
Senior,56092,6,4,190000.0
Intermediate,41338,7,8,225900.0
Senior,30412,6,8,300000.0
Senior,37543,8,6,197734.5
Senior,37587,8,7,170000.0
Senior,30728,9,4,86500.0
Senior,57924,5,8,143400.0
Senior,53548,9,7,122500.0
Senior,57384,7,8,231350.0
Intermediate,55251,6,8,140000.0
Senior,41657,7,4,115350.0
Senior,35988,8,4,363220.735
Senior,48888,9,8,143400.0
Senior,32967,9,5,275000.0
Senior,44527,9,8,177500.0
Senior,49170,7,8,127500.0
Intermediate,46048,8,6,222500.0
Intermediate,47506,6,6,110000.0
Senior,50463,6,6,91400.0
Intermediate,47955,7,5,65000.0
Senior,35073,9,5,166700.0
Intermediate,35104,5,8,60000.0
Senior,32143,7,6,355000.0
Intermediate,56263,7,5,84000.0
Intermediate,53190,8,4,77250.0
Senior,37357,6,8,236500.0
Senior,58708,7,7,164500.0
Intermediate,42043,7,8,157000.0
Intermediate,33440,9,7,161500.0
Senior,50150,9,6,255500.0
Intermediate,35644,5,7,111750.0
Intermediate,40518,8,6,138000.0
Senior,44552,5,4,83133.0
Intermediate,32914,9,7,132550.0
Intermediate,51352,6,8,222650.0
Senior,52301,9,6,165552.0
Senior,43584,8,8,186500.0
Intermediate,42144,9,5,168000.0
Senior,44397,8,6,182000.0
Intermediate,38787,8,7,80530.0
Intermediate,44191,8,6,129076.5
Intermediate,30728,8,8,171000.0
Intermediate,47749,8,4,171000.0
Senior,50876,6,6,114500.0
Intermediate,30698,5,7,91500.0
Senior,37186,7,5,193800.0
Senior,44512,5,4,176500.0
Senior,43923,8,5,193500.0
Senior,46779,6,6,193420.0
Intermediate,37400,9,8,171000.0
Senior,54466,6,8,190300.0
Intermediate,34171,8,7,160000.0
Intermediate,34360,6,8,98000.0
Junior,32502,6,4,104032.5
Senior,56395,8,8,65000.0
Senior,47101,6,7,235000.0
Senior,49166,7,6,170000.0
Senior,51330,7,6,228800.11
Senior,58153,6,8,154184.0
Senior,35486,9,5,107500.0
Senior,38335,8,6,137717.5
Senior,51364,7,8,102000.0
Senior,57716,9,7,260000.0
Senior,53650,6,8,180000.0
Senior,34491,9,6,80000.0
Senior,53576,5,7,110000.0
Intermediate,41130,7,8,128500.0
Senior,51972,6,4,255000.0
Intermediate,37651,8,7,105000.0
Intermediate,50020,6,4,77893.5
Intermediate,57798,8,5,105000.0
Junior,31167,6,7,80000.0
Senior,57192,9,4,112500.0
Intermediate,31062,9,6,85550.0
Intermediate,48540,9,6,125000.0
Senior,54244,5,5,142500.0
Intermediate,51545,8,7,140000.0
Senior,51689,9,7,140000.0
Junior,41174,5,7,77500.0
Senior,52925,8,5,98409.2
Senior,57870,6,7,128500.0
Senior,34729,5,6,167500.0
Senior,39348,7,4,150000.0
Intermediate,53714,5,6,158750.0
Senior,35334,5,6,158850.0
Senior,38924,8,4,150100.0
Senior,34330,6,6,168900.0
Senior,54394,7,5,115000.0
Senior,36801,9,4,115000.0
Senior,34846,9,6,110375.0
Intermediate,36731,5,8,158760.54
Intermediate,45368,8,6,102500.0
Senior,53625,8,5,197500.0
Senior,47337,9,7,155000.0
Senior,32539,7,6,112500.0
Intermediate,37056,6,7,75000.0
Intermediate,41516,7,8,86430.0
Senior,41493,6,6,95000.0
Senior,31542,9,4,132000.0
Senior,51677,6,7,130000.0
Intermediate,43964,8,8,65000.0
Intermediate,47575,5,4,61150.0
Senior,36313,5,4,109700.0
Intermediate,57569,9,4,66000.0
Senior,53322,8,4,221500.0
Intermediate,49065,7,6,175000.0
Senior,55793,8,6,135000.0
Intermediate,47924,5,6,175000.0
Intermediate,52556,5,8,105000.0
Intermediate,57812,8,8,86760.0
Intermediate,51925,8,8,120000.0
Senior,56962,5,5,153000.0
Senior,58295,7,8,235000.0
Intermediate,43807,9,6,87700.0
Senior,39580,9,6,210000.0
Intermediate,56432,8,5,94000.0
Intermediate,47749,9,5,105000.0
Senior,38691,5,8,251100.0
Senior,56256,5,7,112500.0
Senior,55086,8,5,236500.0
Intermediate,37494,8,4,85000.0
Senior,34312,8,6,287000.0
Intermediate,31324,7,4,98700.0
Intermediate,55731,9,6,123800.0
Intermediate,56403,8,6,186500.0
Senior,33141,6,5,158855.0
Senior,53803,6,5,144345.0
Senior,49870,5,4,173676.0
Senior,31810,9,6,115399.5
Senior,36588,8,4,158855.0
Senior,49307,6,7,137500.0
Senior,35301,9,4,144345.0
Senior,56790,5,8,110000.0
Senior,50570,7,4,158855.0
Intermediate,55289,9,8,162300.0
Senior,52361,9,8,142500.0
Intermediate,58178,7,8,155650.0
Intermediate,58710,9,7,169300.0
Senior,45485,5,4,100000.0
Intermediate,41714,5,4,100000.0
Intermediate,50652,7,7,70000.0
Junior,34748,8,6,101000.0
Senior,51233,6,5,225000.0
Senior,39435,8,4,225000.0
Intermediate,33709,9,5,185000.0
Senior,55657,6,7,120000.0
Senior,53003,7,6,205000.0
Intermediate,55031,7,6,89700.0
Senior,43116,6,6,101504.0
Intermediate,55470,5,7,120000.0
Senior,39576,6,8,246100.425
Intermediate,40150,9,8,60000.0
Junior,49456,5,5,80000.0
Junior,36530,7,8,70000.0
Intermediate,40188,6,8,90000.0
Intermediate,44683,8,6,100000.0
Intermediate,58861,8,6,102500.0
Intermediate,30504,9,5,115650.0
Senior,31214,8,4,224500.0
Senior,31531,6,5,224500.0
Intermediate,58016,6,5,87600.0
Junior,53960,8,7,74570.0
Senior,30823,6,7,230150.0
Intermediate,47312,9,5,60000.0
Senior,35029,5,5,75000.0
Senior,43428,9,5,122000.0
Intermediate,46517,9,8,78000.0
Intermediate,32105,6,7,130000.0
Senior,33627,5,5,151500.0
Senior,42972,6,6,200000.0
Intermediate,52700,7,6,74670.0
Senior,31852,6,8,287000.0
Intermediate,34910,6,8,74500.0
Senior,59844,6,4,115000.0
Senior,50559,5,4,153550.0
Senior,57509,6,4,150000.0
Senior,57860,5,8,175100.0
Senior,58874,8,8,142300.0
Intermediate,41003,7,8,152150.0
Intermediate,51732,5,6,168450.0
Intermediate,55826,8,8,178100.0
Senior,43843,5,6,178100.0
Senior,41704,5,4,138750.0
Intermediate,45761,7,4,179100.0
Intermediate,36190,9,4,99000.0
Intermediate,47640,9,5,205000.0
Intermediate,49760,5,5,211500.0
Intermediate,35645,6,7,168300.0
Intermediate,59838,8,7,123649.5
Intermediate,49870,6,7,72000.0
Senior,49968,6,5,163500.0
Senior,39588,5,5,247500.0
Intermediate,41829,5,7,162800.0
Senior,38053,5,7,140923.0
Senior,33330,5,8,175250.0
Senior,49087,9,7,141650.0
Intermediate,38662,5,8,92500.0
Senior,54504,9,6,180688.5
Senior,37114,9,5,181500.0
Intermediate,43323,5,7,82500.0
Intermediate,31353,7,5,80000.0
Senior,40975,8,5,172900.0
Senior,41023,6,5,108433.44
Senior,51447,9,6,134207.5
Senior,54933,8,4,174500.0
Senior,57595,7,7,146200.0
Intermediate,53959,6,4,216200.0
Senior,30667,6,4,92500.0
Senior,50852,9,4,211950.0
Intermediate,59703,5,5,162200.0
Senior,39337,7,8,182100.0
Intermediate,43659,9,5,176050.0
Senior,53203,7,5,198000.0
Senior,58761,5,4,180950.0
Intermediate,33719,5,5,162200.0
Senior,49129,9,4,217850.0
Senior,37483,5,8,213350.0
Senior,30539,8,7,185200.0
Senior,57355,6,4,178100.0
Senior,34964,9,8,191800.0
Senior,58712,7,7,180950.0
Intermediate,34835,8,6,182100.0
Senior,50159,9,4,154700.0
Intermediate,36042,5,4,139500.0
Senior,44837,5,6,375000.0
Intermediate,53486,5,6,100000.0
Senior,37312,5,4,234500.0
Senior,35320,7,6,200000.0
Senior,43216,8,5,90000.0
Senior,52516,6,7,97000.0
Intermediate,54275,7,7,122500.0
Intermediate,57084,7,7,141875.0
Junior,32779,6,5,72550.0
Senior,47308,6,6,150500.0
Senior,57532,5,8,132500.0
Senior,31581,7,6,95000.0
Senior,54098,9,4,252500.0
Senior,49708,6,7,200000.0
Senior,42677,6,6,137000.0
Senior,35713,8,8,159560.0
Senior,53410,9,4,119900.0
Senior,46639,9,5,200000.0
Intermediate,34804,6,5,107400.0
Senior,48222,5,8,156500.0
Intermediate,40136,8,4,180750.0
Intermediate,30009,9,7,95000.0
Intermediate,49255,6,6,266217.5
Senior,55373,9,4,181000.0
Junior,53793,8,5,63000.0
Senior,53802,8,8,134000.0
Senior,59548,7,8,131518.0
Intermediate,35124,6,6,90000.0
Senior,31015,8,8,110315.0
Senior,56400,7,8,104000.0
Senior,59045,7,4,134000.0
Senior,57712,9,7,113100.0
Senior,32193,9,6,245500.0
Senior,38415,7,4,184500.0
Senior,43550,9,7,118318.0
Intermediate,44512,8,4,102000.0
Intermediate,59524,5,4,125000.0
Senior,53833,8,8,100000.0
Junior,34158,7,7,233650.0
Senior,59912,7,6,180750.0
Senior,50309,8,6,170940.0
Intermediate,36970,9,7,78500.0
Intermediate,36938,9,8,62700.0
Senior,51168,7,5,232500.0
Intermediate,43772,6,4,103500.0
Intermediate,50384,9,8,90785.5
Senior,48017,8,7,97500.0
Senior,40344,9,4,214250.0
Senior,37266,8,6,80000.0
Senior,38702,7,5,230000.0
Intermediate,30384,9,6,172500.0
Senior,30404,8,7,175000.0
Senior,38175,7,4,123500.0
Intermediate,45158,6,7,147000.0
Intermediate,59189,8,4,166150.0
Senior,42763,6,8,139500.0
Senior,48384,6,5,210000.0
Senior,57332,5,8,120000.0
Senior,39860,9,8,165000.0
Intermediate,35989,8,7,100000.0
Intermediate,45106,6,5,227500.0
Senior,47844,5,4,179000.0
Intermediate,53574,7,4,87500.0
Intermediate,53524,8,6,87500.0
Intermediate,33636,6,4,100000.0
Intermediate,40916,9,7,115000.0
Senior,34809,5,8,211300.0
Senior,50562,6,8,100000.0
Intermediate,43456,9,8,200000.0
Senior,45444,6,5,127700.0
Intermediate,53629,8,4,137177.0
Intermediate,52984,8,7,172500.0
Senior,35997,8,5,145000.0
Intermediate,32048,5,6,160000.0
Intermediate,42338,8,7,147800.0
Senior,51164,9,7,180950.0
Senior,47100,6,7,169300.0
Senior,54323,7,8,179750.0
Senior,51949,9,7,182100.0
Intermediate,34544,9,4,101300.0
Senior,34976,8,7,165000.0
Intermediate,42775,5,8,86100.0
Intermediate,40015,6,7,135000.0
Intermediate,56657,5,6,150100.0
Senior,33419,6,6,216400.0
Intermediate,44430,6,8,90650.0
Senior,37239,5,4,147500.0
Intermediate,56150,9,4,100850.0
Intermediate,44489,6,5,90650.0
Intermediate,46633,5,8,80395.0
Intermediate,55249,6,7,87600.0
Senior,59109,7,8,186500.0
Intermediate,40357,9,5,168000.0
Senior,47154,8,8,200000.0
Senior,58538,6,8,61061.225
Senior,34363,7,5,200000.0
Intermediate,40176,8,4,168000.0
Senior,47461,8,7,172672.5
Senior,38427,6,5,200000.0
Intermediate,38580,5,6,133000.0
Intermediate,57613,6,4,83250.0
Intermediate,54285,7,6,83250.0
Senior,34858,8,4,210000.0
Senior,40040,6,7,123800.0
Intermediate,52928,5,7,180000.0
Senior,51103,6,8,132500.0
Intermediate,49198,9,6,135000.0
Senior,49758,5,4,155500.0
Senior,45254,7,7,174600.0
Senior,41470,8,5,112500.0
Senior,31252,6,7,287000.0
Senior,36996,5,5,236500.0
Senior,42173,9,4,110000.0
Senior,34673,5,7,287000.0
Intermediate,56698,9,7,123800.0
Senior,50914,7,4,115000.0
Intermediate,56726,8,7,83250.0
Intermediate,45781,7,5,100000.0
Intermediate,43051,6,7,100000.0
Senior,36881,5,6,126250.0
Senior,36949,9,8,100000.0
Intermediate,39521,9,5,80000.0
Senior,52625,5,6,100000.0
Senior,38017,5,4,155000.0
Senior,36941,6,5,128554.5
Intermediate,55934,7,8,117500.0
Senior,53386,9,8,128554.5
Intermediate,57058,6,4,164050.0
Senior,59118,7,4,165450.0
Senior,40209,6,5,650000.0
Intermediate,47715,9,7,110000.0
Intermediate,58920,5,4,75000.0
Senior,50645,5,7,138800.0
Senior,54032,7,6,200000.0
Senior,39550,8,8,159750.0
Senior,51499,7,7,105000.0
Senior,34637,8,8,162500.0
Intermediate,34854,6,7,79100.0
Senior,49561,6,6,160000.0
Senior,54114,9,4,162500.0
Senior,40320,8,6,92500.0
Senior,48564,9,4,173250.0
Senior,34892,5,4,266000.0
Senior,37043,8,8,213625.0
Senior,46521,7,6,253695.0
Senior,52711,5,7,119600.0
Senior,49856,5,6,107500.0
Senior,51833,7,8,125000.0
Senior,49216,5,4,164125.0
Senior,49963,8,8,81550.0
Senior,52355,9,5,135000.0
Senior,57607,5,5,164125.0
Intermediate,34164,8,7,110000.0
Senior,57169,6,8,164125.0
Senior,37941,8,7,137400.0
Senior,44388,9,7,164125.0
Senior,35569,8,5,220000.0
Intermediate,34300,7,7,90000.0
Senior,36269,9,5,191000.0
Senior,33818,6,4,191000.0
Intermediate,58714,7,8,143575.0
Intermediate,42015,8,7,95000.0
Senior,42234,9,5,142900.0
Senior,48290,6,6,191000.0
Intermediate,36254,7,7,124000.0
Intermediate,47144,6,4,63650.0
Senior,54214,8,4,191000.0
Senior,37350,6,6,193800.0
Senior,45183,5,5,74300.0
Intermediate,36238,7,7,111750.0
Intermediate,36090,6,5,54459.5
Senior,41637,8,4,170000.0
Intermediate,52415,8,5,99500.0
Intermediate,54071,6,4,85000.0
Senior,55475,8,5,155000.0
Junior,42647,9,6,40250.0
Senior,57523,9,8,225000.0
Intermediate,39911,9,6,124000.0
Intermediate,38472,5,6,178750.0
Intermediate,57842,6,8,62702.5
Senior,48271,5,8,193800.0
Intermediate,33266,8,7,80000.0
Senior,30666,5,7,118318.5
Senior,34188,8,6,237500.0
Intermediate,47055,8,6,97400.0
Intermediate,40161,7,4,124575.0
Senior,58732,9,4,345500.0
Senior,53161,8,7,156969.0
Senior,41314,7,7,100464.0
Senior,53954,9,4,164000.0
Senior,54340,8,4,135000.0
Senior,51508,8,5,275000.0
Senior,51969,5,5,93840.25
Intermediate,42891,5,4,112500.0
Intermediate,34777,9,5,155000.0
Intermediate,33900,8,8,155000.0
Intermediate,53061,6,7,168500.0
Intermediate,43716,5,7,155000.0
Intermediate,36981,9,4,155000.0
Intermediate,36376,8,6,170000.0
Senior,46907,8,4,170000.0
Intermediate,48777,6,5,170000.0
Intermediate,57693,9,6,74977.0
Intermediate,48977,8,5,92500.0
Senior,40160,5,8,143900.0
Senior,59773,6,5,180000.0
Intermediate,56329,9,8,145000.0
Senior,44124,6,8,140000.0
Senior,46282,5,5,197100.0
Senior,53624,9,5,170000.0
Senior,53321,6,8,105500.0
Senior,40488,7,6,192025.0
Senior,52574,5,8,100000.0
Senior,35240,5,7,270850.0
Senior,40453,5,8,185000.0
Intermediate,40478,7,6,155000.0
Senior,59751,7,7,192500.0
Junior,52877,8,4,95600.0
Intermediate,42394,6,4,445000.0
Senior,49262,8,6,150000.0
Intermediate,50527,6,8,117500.0
Intermediate,50028,7,5,85000.0
Senior,34432,7,6,115807.0
Intermediate,59721,8,7,195000.0
Intermediate,43568,9,7,133000.0
Intermediate,56631,8,4,83864.0
Intermediate,59296,6,7,171550.0
Intermediate,44178,8,6,60000.0
Senior,47660,5,7,232500.0
Intermediate,52195,6,6,95305.0
Intermediate,57342,6,5,105702.5
Intermediate,30302,9,4,79375.0
Senior,47022,7,7,204500.0
Senior,30055,6,6,102250.0
Senior,43013,7,8,319900.0
Senior,38717,8,4,91000.0
Intermediate,59145,5,5,147500.0
Intermediate,58699,9,6,147500.0
Senior,38150,7,5,143600.0
Intermediate,32125,6,5,107000.0
Senior,41479,7,7,143350.0
Intermediate,45745,6,7,100000.0
Intermediate,46748,7,6,134738.0
Senior,36809,6,8,161800.0
Intermediate,34621,8,6,127500.0
Intermediate,45034,6,8,131575.0
Intermediate,43623,6,5,143575.0
Intermediate,59554,5,4,132600.0
Senior,35126,6,6,290000.0
Senior,35122,5,6,312000.0
Senior,48030,9,8,122850.0
Intermediate,47302,5,5,185500.0
Intermediate,49181,8,5,182500.0
Intermediate,52890,5,8,170900.0
Senior,35870,9,5,151050.0
Intermediate,31531,8,7,101700.0
Senior,38172,7,4,136275.0
Intermediate,49729,7,6,100000.0
Senior,37673,5,4,162825.0
Intermediate,53333,5,6,95000.0
Senior,36882,9,7,130492.7
Intermediate,31906,9,5,126125.0
Senior,33086,6,8,234000.0
Senior,43503,9,7,192500.0
Senior,38152,6,4,201177.5
Senior,35750,8,8,124400.0
Senior,42772,5,5,113350.0
Intermediate,40267,8,7,68550.0
Senior,55289,9,8,332500.0
Intermediate,31062,8,7,101700.0
Senior,48360,8,7,197500.0
Senior,47680,8,5,163200.0
Senior,59926,9,6,124400.0
Senior,36229,8,8,90480.0
Senior,54025,6,5,187275.5
Senior,46509,9,7,107506.5
Intermediate,45147,8,5,189915.0
Senior,34632,9,6,210000.0
Intermediate,36288,7,8,113100.0
Senior,33596,6,6,112719.0
Senior,41475,8,4,107506.5
Senior,36168,7,8,175550.0
Intermediate,39795,7,6,134350.0
Senior,37561,9,7,180600.0
Intermediate,38258,7,8,169300.0
Senior,46616,6,8,186550.0
Intermediate,56732,6,5,135587.5
Intermediate,55745,5,7,135587.5
Intermediate,56734,6,4,114937.5
Intermediate,36371,7,6,117000.0
Intermediate,50590,6,5,107900.0
Senior,56069,9,6,153000.0
Intermediate,44369,5,4,106600.0
Intermediate,42910,7,4,110000.0
Intermediate,37943,5,8,105200.0
Intermediate,42199,7,4,163900.0
Intermediate,45728,9,6,105200.0
Intermediate,53275,5,7,107900.0
Intermediate,36738,8,7,114937.5
Intermediate,45913,7,8,220000.0
Intermediate,32472,8,6,100000.0
Senior,57236,5,6,190000.0
Intermediate,49123,8,4,109150.0
Senior,51785,8,6,145000.0
Intermediate,45679,5,5,92500.0
Senior,31761,9,4,122800.0
Intermediate,58090,8,5,97000.0
Intermediate,40167,8,8,140000.0
Intermediate,40554,9,7,145000.0
Senior,47260,8,8,95000.0
Intermediate,44277,8,7,150000.0
Intermediate,33812,8,8,122800.0
Intermediate,58024,6,6,90500.0
Senior,55888,9,5,143300.0
Senior,47844,8,7,104300.0
Intermediate,57285,9,4,142150.0
Intermediate,56900,7,5,142150.0
Senior,48117,7,4,229500.0
Senior,31605,8,5,215000.0
Intermediate,35622,9,5,81946.8
Senior,36767,9,8,104300.0
Senior,57139,9,7,172927.5
Senior,41613,6,7,122500.0
Senior,53370,7,5,384250.0
Intermediate,49901,9,6,104000.0
Intermediate,40589,9,6,90500.0
Senior,43918,6,4,148492.5
Intermediate,50119,6,4,135504.0
Senior,57446,9,8,198650.0
Senior,55736,5,5,174600.0
Intermediate,43046,9,4,167000.0
Intermediate,54818,9,4,167000.0
Intermediate,32590,6,5,187625.0
Senior,47447,6,8,260775.0
Intermediate,34324,9,4,167000.0
Senior,40787,9,8,139225.0
Intermediate,39111,9,7,197500.0
Junior,35342,6,8,102875.0
Intermediate,46389,9,6,145000.0
Senior,53873,9,6,248000.0
Intermediate,38659,8,8,167500.0
Senior,44043,5,6,233520.0
Senior,58746,7,7,243500.0
Intermediate,54579,5,5,102000.0
Intermediate,52350,8,6,113350.0
Senior,38837,7,6,139225.0
Senior,30117,9,8,185500.0
Intermediate,57504,8,7,113350.0
Senior,43917,9,5,248000.0
Senior,48935,6,8,127500.0
Senior,44309,8,8,176850.0
Senior,43234,6,7,128500.0
Senior,35560,8,5,240000.0
Senior,50673,8,7,142000.0
Senior,30846,6,5,210000.0
Intermediate,40954,7,7,175500.0
Intermediate,43703,5,8,175500.0
Senior,45385,9,8,118000.0
Intermediate,43746,8,4,182500.0
Senior,52700,9,6,231000.0
Senior,36469,6,7,141000.0
Senior,39333,9,4,165000.0
Intermediate,56386,6,6,145000.0
Senior,55299,9,7,149000.0
Senior,46608,5,5,201000.0
Senior,42819,5,6,90103.0
Intermediate,34208,5,8,130998.5
Senior,36283,5,4,145500.0
Intermediate,59230,5,6,214000.0
Senior,32048,5,6,142000.0
Senior,36233,6,8,157000.0
Senior,42941,8,7,118000.0
Senior,42607,9,5,118000.0
Intermediate,39765,5,8,177497.0
Senior,31828,6,5,232000.0
Senior,31917,6,7,141000.0
Senior,50618,6,6,198500.0
Senior,36988,8,5,142000.0
Senior,48410,9,4,90103.0
Senior,44594,8,4,232000.0
Senior,50128,7,8,198500.0
Intermediate,55477,6,7,112995.0
Senior,42977,7,8,141000.0
Intermediate,56615,5,8,137000.0
Senior,30009,5,8,210000.0
Intermediate,46644,8,4,198000.0
Senior,52422,9,4,142000.0
Senior,39865,7,8,165000.0
Senior,32219,9,4,125000.0
Intermediate,37041,8,7,106665.0
Intermediate,48444,5,8,125600.0
Senior,35287,9,4,132500.0
Intermediate,58289,9,5,207500.0
Senior,31619,5,8,165000.0
Senior,38512,7,8,600000.0
Intermediate,31342,5,7,95000.0
Intermediate,40568,9,6,115000.0
Senior,49216,7,6,300000.0
Senior,49208,7,7,212500.0
Senior,48378,5,7,212500.0
Intermediate,57534,9,7,70000.0
Senior,44231,8,6,200000.0
Senior,56614,9,7,200000.0
Senior,33490,6,4,149150.0
Intermediate,58253,8,8,202500.0
Senior,39310,7,8,115000.0
Senior,37984,8,5,182500.0
Senior,47988,7,5,172100.0
Senior,42219,7,8,208200.0
Intermediate,30235,8,4,118900.0
Senior,40161,7,6,113850.0
Senior,59005,7,6,144750.0
Senior,31908,6,4,287500.0
Intermediate,38567,9,6,225000.0
Intermediate,33530,9,7,225000.0
Intermediate,35256,6,8,275000.0
Senior,49019,8,8,123000.0
Senior,38162,5,4,139250.0
Intermediate,56146,5,6,225000.0
Intermediate,48944,5,5,225000.0
Intermediate,35415,6,5,550000.0
Intermediate,33391,6,6,110000.0
Senior,41157,7,5,230000.0
Senior,58219,5,4,114410.4
Senior,35951,8,4,105996.8
Senior,51852,8,6,174800.0
Intermediate,38007,5,5,75000.0
Intermediate,58426,5,4,100000.0
Senior,39064,5,4,135000.0
Intermediate,55828,6,7,145000.0
Senior,52797,6,7,293335.0
Senior,53325,6,4,171550.0
Intermediate,55890,9,6,106000.0
Intermediate,51204,8,8,127500.0
Senior,45524,8,8,244250.0
Intermediate,49282,7,4,164500.0
Senior,53930,6,4,110000.0
Senior,30077,9,4,113925.0
Senior,37577,9,6,122000.0
Intermediate,57197,8,7,156000.0
Senior,50611,6,4,151000.0
Intermediate,46984,7,4,125050.0
Senior,44060,6,5,175000.0
Intermediate,47449,5,6,160000.0
Senior,48520,6,4,146000.0
Intermediate,57025,5,5,70000.0
Senior,40535,5,8,121500.0
Junior,56439,7,4,75500.0
Senior,39510,8,4,119700.0
Senior,59287,6,5,102500.0
Intermediate,58173,5,6,125750.0
Senior,36943,6,4,188432.5
Senior,41954,8,8,448500.0
Intermediate,37804,8,4,151873.5
Intermediate,36565,9,8,108850.0
Senior,35984,8,7,149675.0
Senior,51526,7,7,221150.0
Senior,34670,5,8,120000.0
Senior,48574,9,6,237275.0
Senior,39184,7,4,149675.0
Senior,49096,6,4,159125.0
Intermediate,32192,5,7,104243.5
Senior,31248,8,8,159125.0
Intermediate,41246,5,4,68550.0
Intermediate,42790,6,4,61000.0
Senior,50417,9,6,200000.0
Senior,48381,9,5,140050.0
Senior,59492,9,7,221150.0
Intermediate,33687,8,7,119550.0
Intermediate,56727,7,5,132000.0
Senior,34018,7,4,160992.0
Senior,41302,5,6,127337.5
Intermediate,31970,8,6,93887.5
Senior,38389,9,7,160992.0
Senior,52149,9,6,225000.0
Intermediate,57202,6,5,95000.0
Senior,47586,6,4,196000.0
Intermediate,54519,9,5,93887.5
Intermediate,51951,9,8,93887.5
Senior,54051,8,7,174000.0
Senior,45374,7,6,112850.0
Senior,52126,6,8,127337.5
Senior,35788,7,6,163900.0
